sample_id,label,attack_type,source,difficulty,cluster
nsl_kdd_00001,benign,normal,nsl_kdd_small_training.csv,20,0
nsl_kdd_00002,benign,normal,nsl_kdd_small_training.csv,15,0
nsl_kdd_00003,malicious,neptune,nsl_kdd_small_training.csv,19,2
nsl_kdd_00004,benign,normal,nsl_kdd_small_training.csv,21,0
nsl_kdd_00005,benign,normal,nsl_kdd_small_training.csv,21,0
nsl_kdd_00006,malicious,neptune,nsl_kdd_small_training.csv,21,1
nsl_kdd_00007,malicious,neptune,nsl_kdd_small_training.csv,21,2
nsl_kdd_00008,malicious,neptune,nsl_kdd_small_training.csv,21,2
nsl_kdd_00009,malicious,neptune,nsl_kdd_small_training.csv,21,2
nsl_kdd_00010,malicious,neptune,nsl_kdd_small_training.csv,21,2
nsl_kdd_00011,malicious,neptune,nsl_kdd_small_training.csv,21,1
nsl_kdd_00012,malicious,neptune,nsl_kdd_small_training.csv,21,2
nsl_kdd_00013,benign,normal,nsl_kdd_small_training.csv,21,0
nsl_kdd_00014,malicious,warezclient,nsl_kdd_small_training.csv,15,0
nsl_kdd_00015,malicious,neptune,nsl_kdd_small_training.csv,19,2
nsl_kdd_00016,malicious,neptune,nsl_kdd_small_training.csv,18,2
nsl_kdd_00017,benign,normal,nsl_kdd_small_training.csv,21,0
nsl_kdd_00018,malicious,ipsweep,nsl_kdd_small_training.csv,18,0
nsl_kdd_00019,benign,normal,nsl_kdd_small_training.csv,21,0
nsl_kdd_00020,benign,normal,nsl_kdd_small_training.csv,21,0
nsl_kdd_00021,malicious,neptune,nsl_kdd_small_training.csv,18,2
nsl_kdd_00022,malicious,neptune,nsl_kdd_small_training.csv,18,2
nsl_kdd_00023,benign,normal,nsl_kdd_small_training.csv,21,0
nsl_kdd_00024,benign,normal,nsl_kdd_small_training.csv,21,0
nsl_kdd_00025,malicious,neptune,nsl_kdd_small_training.csv,19,2
nsl_kdd_00026,benign,normal,nsl_kdd_small_training.csv,20,0
nsl_kdd_00027,malicious,neptune,nsl_kdd_small_training.csv,21,2
nsl_kdd_00028,benign,normal,nsl_kdd_small_training.csv,21,0
nsl_kdd_00029,benign,normal,nsl_kdd_small_training.csv,21,0
nsl_kdd_00030,benign,normal,nsl_kdd_small_training.csv,21,0
nsl_kdd_00031,malicious,ipsweep,nsl_kdd_small_training.csv,17,0
nsl_kdd_00032,malicious,neptune,nsl_kdd_small_training.csv,20,2
nsl_kdd_00033,benign,normal,nsl_kdd_small_training.csv,21,0
nsl_kdd_00034,malicious,portsweep,nsl_kdd_small_training.csv,20,1
nsl_kdd_00035,benign,normal,nsl_kdd_small_training.csv,18,0
nsl_kdd_00036,benign,normal,nsl_kdd_small_training.csv,19,0
nsl_kdd_00037,benign,normal,nsl_kdd_small_training.csv,18,0
nsl_kdd_00038,malicious,neptune,nsl_kdd_small_training.csv,19,2
nsl_kdd_00039,benign,normal,nsl_kdd_small_training.csv,21,0
nsl_kdd_00040,malicious,neptune,nsl_kdd_small_training.csv,20,2
nsl_kdd_00041,malicious,neptune,nsl_kdd_small_training.csv,19,2
nsl_kdd_00042,malicious,neptune,nsl_kdd_small_training.csv,18,2
nsl_kdd_00043,benign,normal,nsl_kdd_small_training.csv,21,0
nsl_kdd_00044,benign,normal,nsl_kdd_small_training.csv,21,0
nsl_kdd_00045,benign,normal,nsl_kdd_small_training.csv,21,0
nsl_kdd_00046,malicious,neptune,nsl_kdd_small_training.csv,18,2
nsl_kdd_00047,malicious,teardrop,nsl_kdd_small_training.csv,16,0
nsl_kdd_00048,benign,normal,nsl_kdd_small_training.csv,21,0
nsl_kdd_00049,malicious,warezclient,nsl_kdd_small_training.csv,12,0
nsl_kdd_00050,malicious,neptune,nsl_kdd_small_training.csv,18,2
nsl_kdd_00051,benign,normal,nsl_kdd_small_training.csv,21,0
nsl_kdd_00052,malicious,neptune,nsl_kdd_small_training.csv,21,1
nsl_kdd_00053,malicious,teardrop,nsl_kdd_small_training.csv,15,0
nsl_kdd_00054,benign,normal,nsl_kdd_small_training.csv,21,0
nsl_kdd_00055,benign,normal,nsl_kdd_small_training.csv,18,0
nsl_kdd_00056,benign,normal,nsl_kdd_small_training.csv,21,0
nsl_kdd_00057,malicious,nmap,nsl_kdd_small_training.csv,17,0
nsl_kdd_00058,malicious,neptune,nsl_kdd_small_training.csv,20,2
nsl_kdd_00059,malicious,neptune,nsl_kdd_small_training.csv,18,2
nsl_kdd_00060,benign,normal,nsl_kdd_small_training.csv,18,0
nsl_kdd_00061,benign,normal,nsl_kdd_small_training.csv,21,0
nsl_kdd_00062,malicious,neptune,nsl_kdd_small_training.csv,21,1
nsl_kdd_00063,malicious,satan,nsl_kdd_small_training.csv,18,1
nsl_kdd_00064,benign,normal,nsl_kdd_small_training.csv,21,0
nsl_kdd_00065,malicious,neptune,nsl_kdd_small_training.csv,21,1
nsl_kdd_00066,benign,normal,nsl_kdd_small_training.csv,21,0
nsl_kdd_00067,malicious,portsweep,nsl_kdd_small_training.csv,14,1
nsl_kdd_00068,malicious,neptune,nsl_kdd_small_training.csv,19,2
nsl_kdd_00069,malicious,neptune,nsl_kdd_small_training.csv,20,1
nsl_kdd_00070,malicious,neptune,nsl_kdd_small_training.csv,19,2
nsl_kdd_00071,benign,normal,nsl_kdd_small_training.csv,21,0
nsl_kdd_00072,malicious,neptune,nsl_kdd_small_training.csv,18,2
nsl_kdd_00073,benign,normal,nsl_kdd_small_training.csv,21,0
nsl_kdd_00074,benign,normal,nsl_kdd_small_training.csv,21,0
nsl_kdd_00075,malicious,neptune,nsl_kdd_small_training.csv,21,2
nsl_kdd_00076,benign,normal,nsl_kdd_small_training.csv,20,0
nsl_kdd_00077,malicious,neptune,nsl_kdd_small_training.csv,19,2
nsl_kdd_00078,benign,normal,nsl_kdd_small_training.csv,21,0
nsl_kdd_00079,benign,normal,nsl_kdd_small_training.csv,21,0
nsl_kdd_00080,malicious,neptune,nsl_kdd_small_training.csv,21,1
nsl_kdd_00081,benign,normal,nsl_kdd_small_training.csv,21,0
nsl_kdd_00082,malicious,neptune,nsl_kdd_small_training.csv,19,1
nsl_kdd_00083,malicious,neptune,nsl_kdd_small_training.csv,18,2
nsl_kdd_00084,malicious,ipsweep,nsl_kdd_small_training.csv,15,0
nsl_kdd_00085,benign,normal,nsl_kdd_small_training.csv,21,0
nsl_kdd_00086,malicious,neptune,nsl_kdd_small_training.csv,18,2
nsl_kdd_00087,benign,normal,nsl_kdd_small_training.csv,21,0
nsl_kdd_00088,malicious,neptune,nsl_kdd_small_training.csv,19,2
nsl_kdd_00089,malicious,neptune,nsl_kdd_small_training.csv,21,1
nsl_kdd_00090,benign,normal,nsl_kdd_small_training.csv,21,0
nsl_kdd_00091,benign,normal,nsl_kdd_small_training.csv,21,0
nsl_kdd_00092,benign,normal,nsl_kdd_small_training.csv,21,0
nsl_kdd_00093,benign,normal,nsl_kdd_small_training.csv,18,0
nsl_kdd_00094,malicious,neptune,nsl_kdd_small_training.csv,21,1
nsl_kdd_00095,malicious,neptune,nsl_kdd_small_training.csv,18,2
nsl_kdd_00096,benign,normal,nsl_kdd_small_training.csv,21,0
nsl_kdd_00097,benign,normal,nsl_kdd_small_training.csv,21,0
nsl_kdd_00098,benign,normal,nsl_kdd_small_training.csv,21,0
nsl_kdd_00099,benign,normal,nsl_kdd_small_training.csv,21,0
nsl_kdd_00100,malicious,neptune,nsl_kdd_small_training.csv,21,2
nsl_kdd_00101,benign,normal,nsl_kdd_small_training.csv,20,0
nsl_kdd_00102,benign,normal,nsl_kdd_small_training.csv,21,0
nsl_kdd_00103,benign,normal,nsl_kdd_small_training.csv,21,1
nsl_kdd_00104,benign,normal,nsl_kdd_small_training.csv,21,0
nsl_kdd_00105,malicious,teardrop,nsl_kdd_small_training.csv,16,0
nsl_kdd_00106,benign,normal,nsl_kdd_small_training.csv,21,0
nsl_kdd_00107,benign,normal,nsl_kdd_small_training.csv,21,0
nsl_kdd_00108,benign,normal,nsl_kdd_small_training.csv,21,0
nsl_kdd_00109,benign,normal,nsl_kdd_small_training.csv,21,0
nsl_kdd_00110,benign,normal,nsl_kdd_small_training.csv,21,1
nsl_kdd_00111,benign,normal,nsl_kdd_small_training.csv,21,0
nsl_kdd_00112,benign,normal,nsl_kdd_small_training.csv,20,0
nsl_kdd_00113,benign,normal,nsl_kdd_small_training.csv,21,1
nsl_kdd_00114,benign,normal,nsl_kdd_small_training.csv,21,0
nsl_kdd_00115,benign,normal,nsl_kdd_small_training.csv,21,0
nsl_kdd_00116,malicious,portsweep,nsl_kdd_small_training.csv,15,1
nsl_kdd_00117,malicious,neptune,nsl_kdd_small_training.csv,18,1
nsl_kdd_00118,benign,normal,nsl_kdd_small_training.csv,18,0
nsl_kdd_00119,benign,normal,nsl_kdd_small_training.csv,21,0
nsl_kdd_00120,benign,normal,nsl_kdd_small_training.csv,21,0
nsl_kdd_00121,malicious,neptune,nsl_kdd_small_training.csv,19,1
nsl_kdd_00122,malicious,neptune,nsl_kdd_small_training.csv,19,1
nsl_kdd_00123,malicious,neptune,nsl_kdd_small_training.csv,20,2
nsl_kdd_00124,benign,normal,nsl_kdd_small_training.csv,21,0
nsl_kdd_00125,malicious,neptune,nsl_kdd_small_training.csv,18,2
nsl_kdd_00126,benign,normal,nsl_kdd_small_training.csv,21,0
nsl_kdd_00127,benign,normal,nsl_kdd_small_training.csv,18,0
nsl_kdd_00128,benign,normal,nsl_kdd_small_training.csv,21,0
nsl_kdd_00129,benign,normal,nsl_kdd_small_training.csv,19,0
nsl_kdd_00130,benign,normal,nsl_kdd_small_training.csv,21,0
nsl_kdd_00131,malicious,neptune,nsl_kdd_small_training.csv,21,2
nsl_kdd_00132,malicious,neptune,nsl_kdd_small_training.csv,19,1
nsl_kdd_00133,benign,normal,nsl_kdd_small_training.csv,20,0
nsl_kdd_00134,benign,normal,nsl_kdd_small_training.csv,21,0
nsl_kdd_00135,malicious,neptune,nsl_kdd_small_training.csv,21,2
nsl_kdd_00136,malicious,neptune,nsl_kdd_small_training.csv,18,2
nsl_kdd_00137,benign,normal,nsl_kdd_small_training.csv,21,0
nsl_kdd_00138,benign,normal,nsl_kdd_small_training.csv,21,0
nsl_kdd_00139,malicious,smurf,nsl_kdd_small_training.csv,20,0
nsl_kdd_00140,malicious,neptune,nsl_kdd_small_training.csv,21,2
nsl_kdd_00141,benign,normal,nsl_kdd_small_training.csv,21,0
nsl_kdd_00142,malicious,neptune,nsl_kdd_small_training.csv,18,1
nsl_kdd_00143,malicious,neptune,nsl_kdd_small_training.csv,20,1
nsl_kdd_00144,benign,normal,nsl_kdd_small_training.csv,21,0
nsl_kdd_00145,benign,normal,nsl_kdd_small_training.csv,21,0
nsl_kdd_00146,benign,normal,nsl_kdd_small_training.csv,21,0
nsl_kdd_00147,malicious,nmap,nsl_kdd_small_training.csv,18,2
nsl_kdd_00148,benign,normal,nsl_kdd_small_training.csv,21,0
nsl_kdd_00149,malicious,warezclient,nsl_kdd_small_training.csv,11,0
nsl_kdd_00150,malicious,neptune,nsl_kdd_small_training.csv,19,2
nsl_kdd_00151,malicious,neptune,nsl_kdd_small_training.csv,21,2
nsl_kdd_00152,benign,normal,nsl_kdd_small_training.csv,21,0
nsl_kdd_00153,malicious,neptune,nsl_kdd_small_training.csv,20,2
nsl_kdd_00154,malicious,neptune,nsl_kdd_small_training.csv,18,2
nsl_kdd_00155,malicious,neptune,nsl_kdd_small_training.csv,20,2
nsl_kdd_00156,benign,normal,nsl_kdd_small_training.csv,18,0
nsl_kdd_00157,benign,normal,nsl_kdd_small_training.csv,20,0
nsl_kdd_00158,malicious,neptune,nsl_kdd_small_training.csv,19,2
nsl_kdd_00159,malicious,ipsweep,nsl_kdd_small_training.csv,17,0
nsl_kdd_00160,malicious,neptune,nsl_kdd_small_training.csv,19,2
nsl_kdd_00161,benign,normal,nsl_kdd_small_training.csv,21,0
nsl_kdd_00162,benign,normal,nsl_kdd_small_training.csv,20,0
nsl_kdd_00163,benign,normal,nsl_kdd_small_training.csv,18,0
nsl_kdd_00164,benign,normal,nsl_kdd_small_training.csv,17,0
nsl_kdd_00165,malicious,neptune,nsl_kdd_small_training.csv,21,2
nsl_kdd_00166,malicious,portsweep,nsl_kdd_small_training.csv,15,1
nsl_kdd_00167,benign,normal,nsl_kdd_small_training.csv,21,0
nsl_kdd_00168,benign,normal,nsl_kdd_small_training.csv,21,0
nsl_kdd_00169,benign,normal,nsl_kdd_small_training.csv,21,0
nsl_kdd_00170,benign,normal,nsl_kdd_small_training.csv,21,0
nsl_kdd_00171,malicious,neptune,nsl_kdd_small_training.csv,18,2
nsl_kdd_00172,benign,normal,nsl_kdd_small_training.csv,21,0
nsl_kdd_00173,malicious,smurf,nsl_kdd_small_training.csv,18,0
nsl_kdd_00174,malicious,neptune,nsl_kdd_small_training.csv,19,1
nsl_kdd_00175,malicious,neptune,nsl_kdd_small_training.csv,21,2
nsl_kdd_00176,malicious,neptune,nsl_kdd_small_training.csv,18,2
nsl_kdd_00177,benign,normal,nsl_kdd_small_training.csv,21,1
nsl_kdd_00178,malicious,satan,nsl_kdd_small_training.csv,18,1
nsl_kdd_00179,malicious,satan,nsl_kdd_small_training.csv,20,0
nsl_kdd_00180,malicious,neptune,nsl_kdd_small_training.csv,19,2
nsl_kdd_00181,benign,normal,nsl_kdd_small_training.csv,16,0
nsl_kdd_00182,benign,normal,nsl_kdd_small_training.csv,21,0
nsl_kdd_00183,benign,normal,nsl_kdd_small_training.csv,18,0
nsl_kdd_00184,benign,normal,nsl_kdd_small_training.csv,21,0
nsl_kdd_00185,malicious,teardrop,nsl_kdd_small_training.csv,15,0
nsl_kdd_00186,malicious,neptune,nsl_kdd_small_training.csv,18,2
nsl_kdd_00187,malicious,neptune,nsl_kdd_small_training.csv,21,2
nsl_kdd_00188,malicious,neptune,nsl_kdd_small_training.csv,21,2
nsl_kdd_00189,benign,normal,nsl_kdd_small_training.csv,21,0
nsl_kdd_00190,benign,normal,nsl_kdd_small_training.csv,21,0
nsl_kdd_00191,malicious,warezclient,nsl_kdd_small_training.csv,2,0
nsl_kdd_00192,benign,normal,nsl_kdd_small_training.csv,21,0
nsl_kdd_00193,malicious,neptune,nsl_kdd_small_training.csv,21,2
nsl_kdd_00194,malicious,neptune,nsl_kdd_small_training.csv,19,2
nsl_kdd_00195,benign,normal,nsl_kdd_small_training.csv,21,0
nsl_kdd_00196,benign,normal,nsl_kdd_small_training.csv,21,0
nsl_kdd_00197,benign,normal,nsl_kdd_small_training.csv,21,0
nsl_kdd_00198,benign,normal,nsl_kdd_small_training.csv,21,0
nsl_kdd_00199,malicious,portsweep,nsl_kdd_small_training.csv,18,1
nsl_kdd_00200,benign,normal,nsl_kdd_small_training.csv,21,0
nsl_kdd_00201,benign,normal,nsl_kdd_small_training.csv,21,0
nsl_kdd_00202,malicious,neptune,nsl_kdd_small_training.csv,21,2
nsl_kdd_00203,benign,normal,nsl_kdd_small_training.csv,21,0
nsl_kdd_00204,benign,normal,nsl_kdd_small_training.csv,21,0
nsl_kdd_00205,benign,normal,nsl_kdd_small_training.csv,21,0
nsl_kdd_00206,benign,normal,nsl_kdd_small_training.csv,21,0
nsl_kdd_00207,malicious,neptune,nsl_kdd_small_training.csv,18,2
nsl_kdd_00208,benign,normal,nsl_kdd_small_training.csv,21,0
nsl_kdd_00209,benign,normal,nsl_kdd_small_training.csv,21,0
nsl_kdd_00210,malicious,neptune,nsl_kdd_small_training.csv,20,2
nsl_kdd_00211,malicious,satan,nsl_kdd_small_training.csv,18,1
nsl_kdd_00212,malicious,pod,nsl_kdd_small_training.csv,14,0
nsl_kdd_00213,malicious,neptune,nsl_kdd_small_training.csv,20,2
nsl_kdd_00214,benign,normal,nsl_kdd_small_training.csv,21,0
nsl_kdd_00215,malicious,neptune,nsl_kdd_small_training.csv,18,2
nsl_kdd_00216,malicious,neptune,nsl_kdd_small_training.csv,20,2
nsl_kdd_00217,benign,normal,nsl_kdd_small_training.csv,21,0
nsl_kdd_00218,benign,normal,nsl_kdd_small_training.csv,21,0
nsl_kdd_00219,benign,normal,nsl_kdd_small_training.csv,21,0
nsl_kdd_00220,benign,normal,nsl_kdd_small_training.csv,21,0
nsl_kdd_00221,benign,normal,nsl_kdd_small_training.csv,21,0
nsl_kdd_00222,malicious,neptune,nsl_kdd_small_training.csv,21,2
nsl_kdd_00223,malicious,warezclient,nsl_kdd_small_training.csv,12,0
nsl_kdd_00224,malicious,neptune,nsl_kdd_small_training.csv,20,2
nsl_kdd_00225,malicious,ipsweep,nsl_kdd_small_training.csv,15,0
nsl_kdd_00226,benign,normal,nsl_kdd_small_training.csv,21,0
nsl_kdd_00227,benign,normal,nsl_kdd_small_training.csv,21,0
nsl_kdd_00228,malicious,neptune,nsl_kdd_small_training.csv,18,2
nsl_kdd_00229,benign,normal,nsl_kdd_small_training.csv,18,0
nsl_kdd_00230,benign,normal,nsl_kdd_small_training.csv,20,0
nsl_kdd_00231,benign,normal,nsl_kdd_small_training.csv,21,0
nsl_kdd_00232,benign,normal,nsl_kdd_small_training.csv,21,0
nsl_kdd_00233,benign,normal,nsl_kdd_small_training.csv,18,0
nsl_kdd_00234,malicious,teardrop,nsl_kdd_small_training.csv,15,0
nsl_kdd_00235,benign,normal,nsl_kdd_small_training.csv,18,0
nsl_kdd_00236,malicious,neptune,nsl_kdd_small_training.csv,20,1
nsl_kdd_00237,malicious,neptune,nsl_kdd_small_training.csv,20,2
nsl_kdd_00238,malicious,neptune,nsl_kdd_small_training.csv,21,2
nsl_kdd_00239,benign,normal,nsl_kdd_small_training.csv,21,0
nsl_kdd_00240,benign,normal,nsl_kdd_small_training.csv,21,0
nsl_kdd_00241,benign,normal,nsl_kdd_small_training.csv,18,0
nsl_kdd_00242,malicious,ipsweep,nsl_kdd_small_training.csv,15,0
nsl_kdd_00243,malicious,neptune,nsl_kdd_small_training.csv,18,2
nsl_kdd_00244,malicious,neptune,nsl_kdd_small_training.csv,18,2
nsl_kdd_00245,malicious,neptune,nsl_kdd_small_training.csv,20,2
nsl_kdd_00246,benign,normal,nsl_kdd_small_training.csv,21,0
nsl_kdd_00247,malicious,neptune,nsl_kdd_small_training.csv,21,2
nsl_kdd_00248,malicious,ipsweep,nsl_kdd_small_training.csv,17,0
nsl_kdd_00249,malicious,neptune,nsl_kdd_small_training.csv,21,2
nsl_kdd_00250,benign,normal,nsl_kdd_small_training.csv,21,0
nsl_kdd_00251,malicious,ipsweep,nsl_kdd_small_training.csv,18,0
nsl_kdd_00252,benign,normal,nsl_kdd_small_training.csv,19,0
nsl_kdd_00253,benign,normal,nsl_kdd_small_training.csv,21,0
nsl_kdd_00254,malicious,portsweep,nsl_kdd_small_training.csv,15,1
nsl_kdd_00255,malicious,nmap,nsl_kdd_small_training.csv,19,2
nsl_kdd_00256,malicious,smurf,nsl_kdd_small_training.csv,17,0
nsl_kdd_00257,benign,normal,nsl_kdd_small_training.csv,21,0
nsl_kdd_00258,benign,normal,nsl_kdd_small_training.csv,21,0
nsl_kdd_00259,malicious,portsweep,nsl_kdd_small_training.csv,18,1
nsl_kdd_00260,benign,normal,nsl_kdd_small_training.csv,21,0
nsl_kdd_00261,malicious,neptune,nsl_kdd_small_training.csv,18,2
nsl_kdd_00262,benign,normal,nsl_kdd_small_training.csv,21,0
nsl_kdd_00263,benign,normal,nsl_kdd_small_training.csv,21,0
nsl_kdd_00264,malicious,neptune,nsl_kdd_small_training.csv,20,1
nsl_kdd_00265,benign,normal,nsl_kdd_small_training.csv,21,0
nsl_kdd_00266,benign,normal,nsl_kdd_small_training.csv,21,0
nsl_kdd_00267,benign,normal,nsl_kdd_small_training.csv,21,0
nsl_kdd_00268,benign,normal,nsl_kdd_small_training.csv,21,0
nsl_kdd_00269,malicious,ipsweep,nsl_kdd_small_training.csv,15,0
nsl_kdd_00270,malicious,neptune,nsl_kdd_small_training.csv,20,2
nsl_kdd_00271,benign,normal,nsl_kdd_small_training.csv,21,0
nsl_kdd_00272,malicious,neptune,nsl_kdd_small_training.csv,19,1
nsl_kdd_00273,benign,normal,nsl_kdd_small_training.csv,21,1
nsl_kdd_00274,benign,normal,nsl_kdd_small_training.csv,18,0
nsl_kdd_00275,benign,normal,nsl_kdd_small_training.csv,21,0
nsl_kdd_00276,benign,normal,nsl_kdd_small_training.csv,21,0
nsl_kdd_00277,malicious,neptune,nsl_kdd_small_training.csv,20,2
nsl_kdd_00278,malicious,neptune,nsl_kdd_small_training.csv,21,2
nsl_kdd_00279,benign,normal,nsl_kdd_small_training.csv,11,0
nsl_kdd_00280,benign,normal,nsl_kdd_small_training.csv,21,0
nsl_kdd_00281,benign,normal,nsl_kdd_small_training.csv,21,0
nsl_kdd_00282,malicious,neptune,nsl_kdd_small_training.csv,18,2
nsl_kdd_00283,benign,normal,nsl_kdd_small_training.csv,20,0
nsl_kdd_00284,benign,normal,nsl_kdd_small_training.csv,21,0
nsl_kdd_00285,malicious,neptune,nsl_kdd_small_training.csv,18,2
nsl_kdd_00286,benign,normal,nsl_kdd_small_training.csv,21,0
nsl_kdd_00287,malicious,neptune,nsl_kdd_small_training.csv,18,2
nsl_kdd_00288,malicious,neptune,nsl_kdd_small_training.csv,18,2
nsl_kdd_00289,benign,normal,nsl_kdd_small_training.csv,21,0
nsl_kdd_00290,malicious,portsweep,nsl_kdd_small_training.csv,15,1
nsl_kdd_00291,benign,normal,nsl_kdd_small_training.csv,13,1
nsl_kdd_00292,malicious,neptune,nsl_kdd_small_training.csv,18,2
nsl_kdd_00293,malicious,neptune,nsl_kdd_small_training.csv,19,2
nsl_kdd_00294,benign,normal,nsl_kdd_small_training.csv,21,0
nsl_kdd_00295,benign,normal,nsl_kdd_small_training.csv,21,0
nsl_kdd_00296,benign,normal,nsl_kdd_small_training.csv,21,0
nsl_kdd_00297,benign,normal,nsl_kdd_small_training.csv,21,0
nsl_kdd_00298,malicious,nmap,nsl_kdd_small_training.csv,15,0
nsl_kdd_00299,benign,normal,nsl_kdd_small_training.csv,21,0
nsl_kdd_00300,malicious,neptune,nsl_kdd_small_training.csv,19,2
nsl_kdd_00301,benign,normal,nsl_kdd_small_training.csv,20,0
nsl_kdd_00302,malicious,neptune,nsl_kdd_small_training.csv,19,1
nsl_kdd_00303,malicious,neptune,nsl_kdd_small_training.csv,18,2
nsl_kdd_00304,malicious,warezclient,nsl_kdd_small_training.csv,12,0
nsl_kdd_00305,benign,normal,nsl_kdd_small_training.csv,21,0
nsl_kdd_00306,malicious,ipsweep,nsl_kdd_small_training.csv,18,0
nsl_kdd_00307,benign,normal,nsl_kdd_small_training.csv,17,0
nsl_kdd_00308,benign,normal,nsl_kdd_small_training.csv,21,0
nsl_kdd_00309,malicious,portsweep,nsl_kdd_small_training.csv,14,1
nsl_kdd_00310,benign,normal,nsl_kdd_small_training.csv,21,0
nsl_kdd_00311,malicious,neptune,nsl_kdd_small_training.csv,21,2
nsl_kdd_00312,benign,normal,nsl_kdd_small_training.csv,21,0
nsl_kdd_00313,malicious,neptune,nsl_kdd_small_training.csv,18,1
nsl_kdd_00314,malicious,neptune,nsl_kdd_small_training.csv,20,2
nsl_kdd_00315,benign,normal,nsl_kdd_small_training.csv,21,0
nsl_kdd_00316,malicious,smurf,nsl_kdd_small_training.csv,19,0
nsl_kdd_00317,malicious,ipsweep,nsl_kdd_small_training.csv,15,0
nsl_kdd_00318,malicious,satan,nsl_kdd_small_training.csv,20,1
nsl_kdd_00319,benign,normal,nsl_kdd_small_training.csv,21,0
nsl_kdd_00320,malicious,neptune,nsl_kdd_small_training.csv,21,2
nsl_kdd_00321,benign,normal,nsl_kdd_small_training.csv,21,0
nsl_kdd_00322,malicious,neptune,nsl_kdd_small_training.csv,19,2
nsl_kdd_00323,malicious,neptune,nsl_kdd_small_training.csv,19,2
nsl_kdd_00324,malicious,neptune,nsl_kdd_small_training.csv,18,2
nsl_kdd_00325,benign,normal,nsl_kdd_small_training.csv,19,0
nsl_kdd_00326,malicious,neptune,nsl_kdd_small_training.csv,21,2
nsl_kdd_00327,benign,normal,nsl_kdd_small_training.csv,21,0
nsl_kdd_00328,benign,normal,nsl_kdd_small_training.csv,21,0
nsl_kdd_00329,benign,normal,nsl_kdd_small_training.csv,21,0
nsl_kdd_00330,benign,normal,nsl_kdd_small_training.csv,21,0
nsl_kdd_00331,malicious,portsweep,nsl_kdd_small_training.csv,18,1
nsl_kdd_00332,malicious,portsweep,nsl_kdd_small_training.csv,18,1
nsl_kdd_00333,benign,normal,nsl_kdd_small_training.csv,18,0
nsl_kdd_00334,benign,normal,nsl_kdd_small_training.csv,21,0
nsl_kdd_00335,malicious,neptune,nsl_kdd_small_training.csv,21,2
nsl_kdd_00336,benign,normal,nsl_kdd_small_training.csv,21,0
nsl_kdd_00337,benign,normal,nsl_kdd_small_training.csv,21,0
nsl_kdd_00338,benign,normal,nsl_kdd_small_training.csv,21,0
nsl_kdd_00339,malicious,neptune,nsl_kdd_small_training.csv,18,2
nsl_kdd_00340,malicious,neptune,nsl_kdd_small_training.csv,21,1
nsl_kdd_00341,benign,normal,nsl_kdd_small_training.csv,21,0
nsl_kdd_00342,malicious,neptune,nsl_kdd_small_training.csv,21,2
nsl_kdd_00343,benign,normal,nsl_kdd_small_training.csv,21,0
nsl_kdd_00344,benign,normal,nsl_kdd_small_training.csv,21,0
nsl_kdd_00345,malicious,neptune,nsl_kdd_small_training.csv,20,2
nsl_kdd_00346,benign,normal,nsl_kdd_small_training.csv,18,0
nsl_kdd_00347,malicious,neptune,nsl_kdd_small_training.csv,21,2
nsl_kdd_00348,benign,normal,nsl_kdd_small_training.csv,21,1
nsl_kdd_00349,malicious,neptune,nsl_kdd_small_training.csv,20,2
nsl_kdd_00350,malicious,ipsweep,nsl_kdd_small_training.csv,16,1
nsl_kdd_00351,malicious,portsweep,nsl_kdd_small_training.csv,18,1
nsl_kdd_00352,benign,normal,nsl_kdd_small_training.csv,21,0
nsl_kdd_00353,malicious,neptune,nsl_kdd_small_training.csv,18,2
nsl_kdd_00354,benign,normal,nsl_kdd_small_training.csv,21,0
nsl_kdd_00355,malicious,satan,nsl_kdd_small_training.csv,18,1
nsl_kdd_00356,benign,normal,nsl_kdd_small_training.csv,21,0
nsl_kdd_00357,malicious,neptune,nsl_kdd_small_training.csv,18,2
nsl_kdd_00358,benign,normal,nsl_kdd_small_training.csv,21,0
nsl_kdd_00359,malicious,neptune,nsl_kdd_small_training.csv,18,1
nsl_kdd_00360,benign,normal,nsl_kdd_small_training.csv,20,0
nsl_kdd_00361,benign,normal,nsl_kdd_small_training.csv,18,0
nsl_kdd_00362,benign,normal,nsl_kdd_small_training.csv,21,0
nsl_kdd_00363,malicious,neptune,nsl_kdd_small_training.csv,21,2
nsl_kdd_00364,benign,normal,nsl_kdd_small_training.csv,21,1
nsl_kdd_00365,benign,normal,nsl_kdd_small_training.csv,21,0
nsl_kdd_00366,malicious,ipsweep,nsl_kdd_small_training.csv,18,0
nsl_kdd_00367,malicious,back,nsl_kdd_small_training.csv,13,0
nsl_kdd_00368,benign,normal,nsl_kdd_small_training.csv,21,0
nsl_kdd_00369,malicious,neptune,nsl_kdd_small_training.csv,18,2
nsl_kdd_00370,malicious,neptune,nsl_kdd_small_training.csv,21,2
nsl_kdd_00371,benign,normal,nsl_kdd_small_training.csv,21,0
nsl_kdd_00372,benign,normal,nsl_kdd_small_training.csv,21,0
nsl_kdd_00373,benign,normal,nsl_kdd_small_training.csv,21,0
nsl_kdd_00374,malicious,neptune,nsl_kdd_small_training.csv,20,2
nsl_kdd_00375,benign,normal,nsl_kdd_small_training.csv,21,0
nsl_kdd_00376,malicious,neptune,nsl_kdd_small_training.csv,18,2
nsl_kdd_00377,benign,normal,nsl_kdd_small_training.csv,20,0
nsl_kdd_00378,benign,normal,nsl_kdd_small_training.csv,21,0
nsl_kdd_00379,benign,normal,nsl_kdd_small_training.csv,21,0
nsl_kdd_00380,malicious,neptune,nsl_kdd_small_training.csv,21,2
nsl_kdd_00381,benign,normal,nsl_kdd_small_training.csv,18,0
nsl_kdd_00382,malicious,neptune,nsl_kdd_small_training.csv,18,2
nsl_kdd_00383,benign,normal,nsl_kdd_small_training.csv,21,1
nsl_kdd_00384,malicious,neptune,nsl_kdd_small_training.csv,21,2
nsl_kdd_00385,malicious,neptune,nsl_kdd_small_training.csv,21,2
nsl_kdd_00386,benign,normal,nsl_kdd_small_training.csv,21,0
nsl_kdd_00387,malicious,neptune,nsl_kdd_small_training.csv,20,2
nsl_kdd_00388,benign,normal,nsl_kdd_small_training.csv,18,0
nsl_kdd_00389,benign,normal,nsl_kdd_small_training.csv,21,0
nsl_kdd_00390,benign,normal,nsl_kdd_small_training.csv,20,0
nsl_kdd_00391,benign,normal,nsl_kdd_small_training.csv,21,0
nsl_kdd_00392,benign,normal,nsl_kdd_small_training.csv,20,0
nsl_kdd_00393,malicious,neptune,nsl_kdd_small_training.csv,20,2
nsl_kdd_00394,malicious,neptune,nsl_kdd_small_training.csv,18,2
nsl_kdd_00395,malicious,neptune,nsl_kdd_small_training.csv,21,2
nsl_kdd_00396,malicious,neptune,nsl_kdd_small_training.csv,21,2
nsl_kdd_00397,malicious,portsweep,nsl_kdd_small_training.csv,15,1
nsl_kdd_00398,malicious,neptune,nsl_kdd_small_training.csv,21,2
nsl_kdd_00399,malicious,ipsweep,nsl_kdd_small_training.csv,15,0
nsl_kdd_00400,benign,normal,nsl_kdd_small_training.csv,20,0
nsl_kdd_00401,benign,normal,nsl_kdd_small_training.csv,21,0
nsl_kdd_00402,malicious,neptune,nsl_kdd_small_training.csv,20,2
nsl_kdd_00403,benign,normal,nsl_kdd_small_training.csv,20,0
nsl_kdd_00404,benign,normal,nsl_kdd_small_training.csv,19,0
nsl_kdd_00405,malicious,ipsweep,nsl_kdd_small_training.csv,16,0
nsl_kdd_00406,benign,normal,nsl_kdd_small_training.csv,20,0
nsl_kdd_00407,benign,normal,nsl_kdd_small_training.csv,21,0
nsl_kdd_00408,benign,normal,nsl_kdd_small_training.csv,21,0
nsl_kdd_00409,malicious,neptune,nsl_kdd_small_training.csv,21,2
nsl_kdd_00410,malicious,neptune,nsl_kdd_small_training.csv,18,2
nsl_kdd_00411,benign,normal,nsl_kdd_small_training.csv,21,0
nsl_kdd_00412,malicious,neptune,nsl_kdd_small_training.csv,20,1
nsl_kdd_00413,benign,normal,nsl_kdd_small_training.csv,21,0
nsl_kdd_00414,benign,normal,nsl_kdd_small_training.csv,21,0
nsl_kdd_00415,malicious,neptune,nsl_kdd_small_training.csv,18,2
nsl_kdd_00416,benign,normal,nsl_kdd_small_training.csv,18,0
nsl_kdd_00417,benign,normal,nsl_kdd_small_training.csv,20,1
nsl_kdd_00418,malicious,neptune,nsl_kdd_small_training.csv,20,2
nsl_kdd_00419,malicious,neptune,nsl_kdd_small_training.csv,21,2
nsl_kdd_00420,malicious,neptune,nsl_kdd_small_training.csv,21,2
nsl_kdd_00421,benign,normal,nsl_kdd_small_training.csv,21,0
nsl_kdd_00422,malicious,neptune,nsl_kdd_small_training.csv,20,1
nsl_kdd_00423,malicious,neptune,nsl_kdd_small_training.csv,21,2
nsl_kdd_00424,malicious,satan,nsl_kdd_small_training.csv,17,0
nsl_kdd_00425,malicious,teardrop,nsl_kdd_small_training.csv,15,0
nsl_kdd_00426,benign,normal,nsl_kdd_small_training.csv,21,0
nsl_kdd_00427,malicious,smurf,nsl_kdd_small_training.csv,20,0
nsl_kdd_00428,benign,normal,nsl_kdd_small_training.csv,21,0
nsl_kdd_00429,benign,normal,nsl_kdd_small_training.csv,19,0
nsl_kdd_00430,malicious,ipsweep,nsl_kdd_small_training.csv,17,1
nsl_kdd_00431,benign,normal,nsl_kdd_small_training.csv,21,0
nsl_kdd_00432,malicious,smurf,nsl_kdd_small_training.csv,18,0
nsl_kdd_00433,malicious,neptune,nsl_kdd_small_training.csv,18,2
nsl_kdd_00434,benign,normal,nsl_kdd_small_training.csv,21,0
nsl_kdd_00435,benign,normal,nsl_kdd_small_training.csv,20,0
nsl_kdd_00436,benign,normal,nsl_kdd_small_training.csv,21,0
nsl_kdd_00437,benign,normal,nsl_kdd_small_training.csv,21,0
nsl_kdd_00438,benign,normal,nsl_kdd_small_training.csv,21,0
nsl_kdd_00439,benign,normal,nsl_kdd_small_training.csv,21,0
nsl_kdd_00440,benign,normal,nsl_kdd_small_training.csv,21,0
nsl_kdd_00441,malicious,neptune,nsl_kdd_small_training.csv,20,1
nsl_kdd_00442,benign,normal,nsl_kdd_small_training.csv,21,0
nsl_kdd_00443,malicious,neptune,nsl_kdd_small_training.csv,18,2
nsl_kdd_00444,malicious,neptune,nsl_kdd_small_training.csv,18,2
nsl_kdd_00445,benign,normal,nsl_kdd_small_training.csv,21,0
nsl_kdd_00446,benign,normal,nsl_kdd_small_training.csv,21,0
nsl_kdd_00447,malicious,smurf,nsl_kdd_small_training.csv,18,0
nsl_kdd_00448,malicious,teardrop,nsl_kdd_small_training.csv,15,0
nsl_kdd_00449,malicious,neptune,nsl_kdd_small_training.csv,21,2
nsl_kdd_00450,benign,normal,nsl_kdd_small_training.csv,21,0
nsl_kdd_00451,benign,normal,nsl_kdd_small_training.csv,18,0
nsl_kdd_00452,benign,normal,nsl_kdd_small_training.csv,21,0
nsl_kdd_00453,malicious,neptune,nsl_kdd_small_training.csv,21,2
nsl_kdd_00454,malicious,neptune,nsl_kdd_small_training.csv,21,2
nsl_kdd_00455,malicious,neptune,nsl_kdd_small_training.csv,20,2
nsl_kdd_00456,benign,normal,nsl_kdd_small_training.csv,21,0
nsl_kdd_00457,malicious,neptune,nsl_kdd_small_training.csv,21,1
nsl_kdd_00458,benign,normal,nsl_kdd_small_training.csv,21,0
nsl_kdd_00459,malicious,neptune,nsl_kdd_small_training.csv,20,2
nsl_kdd_00460,malicious,neptune,nsl_kdd_small_training.csv,21,2
nsl_kdd_00461,benign,normal,nsl_kdd_small_training.csv,21,0
nsl_kdd_00462,benign,normal,nsl_kdd_small_training.csv,21,0
nsl_kdd_00463,malicious,neptune,nsl_kdd_small_training.csv,19,2
nsl_kdd_00464,benign,normal,nsl_kdd_small_training.csv,21,0
nsl_kdd_00465,benign,normal,nsl_kdd_small_training.csv,21,0
nsl_kdd_00466,malicious,neptune,nsl_kdd_small_training.csv,21,2
nsl_kdd_00467,malicious,back,nsl_kdd_small_training.csv,11,0
nsl_kdd_00468,malicious,neptune,nsl_kdd_small_training.csv,18,2
nsl_kdd_00469,benign,normal,nsl_kdd_small_training.csv,18,0
nsl_kdd_00470,benign,normal,nsl_kdd_small_training.csv,21,0
nsl_kdd_00471,malicious,neptune,nsl_kdd_small_training.csv,21,2
nsl_kdd_00472,benign,normal,nsl_kdd_small_training.csv,21,0
nsl_kdd_00473,malicious,neptune,nsl_kdd_small_training.csv,21,1
nsl_kdd_00474,benign,normal,nsl_kdd_small_training.csv,21,0
nsl_kdd_00475,malicious,neptune,nsl_kdd_small_training.csv,18,2
nsl_kdd_00476,benign,normal,nsl_kdd_small_training.csv,21,0
nsl_kdd_00477,benign,normal,nsl_kdd_small_training.csv,21,0
nsl_kdd_00478,malicious,neptune,nsl_kdd_small_training.csv,20,2
nsl_kdd_00479,malicious,ipsweep,nsl_kdd_small_training.csv,15,0
nsl_kdd_00480,benign,normal,nsl_kdd_small_training.csv,21,0
nsl_kdd_00481,malicious,neptune,nsl_kdd_small_training.csv,21,1
nsl_kdd_00482,malicious,neptune,nsl_kdd_small_training.csv,20,2
nsl_kdd_00483,malicious,neptune,nsl_kdd_small_training.csv,19,2
nsl_kdd_00484,benign,normal,nsl_kdd_small_training.csv,21,0
nsl_kdd_00485,malicious,portsweep,nsl_kdd_small_training.csv,18,1
nsl_kdd_00486,benign,normal,nsl_kdd_small_training.csv,21,0
nsl_kdd_00487,benign,normal,nsl_kdd_small_training.csv,21,0
nsl_kdd_00488,malicious,satan,nsl_kdd_small_training.csv,17,1
nsl_kdd_00489,malicious,neptune,nsl_kdd_small_training.csv,19,2
nsl_kdd_00490,benign,normal,nsl_kdd_small_training.csv,21,0
nsl_kdd_00491,malicious,neptune,nsl_kdd_small_training.csv,21,2
nsl_kdd_00492,benign,normal,nsl_kdd_small_training.csv,21,0
nsl_kdd_00493,benign,normal,nsl_kdd_small_training.csv,21,0
nsl_kdd_00494,benign,normal,nsl_kdd_small_training.csv,18,0
nsl_kdd_00495,benign,normal,nsl_kdd_small_training.csv,21,0
nsl_kdd_00496,malicious,neptune,nsl_kdd_small_training.csv,20,2
nsl_kdd_00497,benign,normal,nsl_kdd_small_training.csv,21,1
nsl_kdd_00498,benign,normal,nsl_kdd_small_training.csv,20,0
nsl_kdd_00499,benign,normal,nsl_kdd_small_training.csv,21,0
nsl_kdd_00500,benign,normal,nsl_kdd_small_training.csv,21,0
nsl_kdd_00501,benign,normal,nsl_kdd_small_training.csv,21,0
nsl_kdd_00502,benign,normal,nsl_kdd_small_training.csv,20,0
nsl_kdd_00503,malicious,neptune,nsl_kdd_small_training.csv,20,2
nsl_kdd_00504,benign,normal,nsl_kdd_small_training.csv,21,0
nsl_kdd_00505,benign,normal,nsl_kdd_small_training.csv,21,0
nsl_kdd_00506,benign,normal,nsl_kdd_small_training.csv,21,0
nsl_kdd_00507,malicious,warezclient,nsl_kdd_small_training.csv,15,0
nsl_kdd_00508,malicious,ipsweep,nsl_kdd_small_training.csv,17,0
nsl_kdd_00509,benign,normal,nsl_kdd_small_training.csv,18,0
nsl_kdd_00510,malicious,portsweep,nsl_kdd_small_training.csv,18,1
nsl_kdd_00511,benign,normal,nsl_kdd_small_training.csv,21,0
nsl_kdd_00512,benign,normal,nsl_kdd_small_training.csv,21,0
nsl_kdd_00513,benign,normal,nsl_kdd_small_training.csv,21,0
nsl_kdd_00514,benign,normal,nsl_kdd_small_training.csv,21,0
nsl_kdd_00515,benign,normal,nsl_kdd_small_training.csv,21,0
nsl_kdd_00516,benign,normal,nsl_kdd_small_training.csv,19,0
nsl_kdd_00517,malicious,neptune,nsl_kdd_small_training.csv,21,2
nsl_kdd_00518,malicious,neptune,nsl_kdd_small_training.csv,20,2
nsl_kdd_00519,benign,normal,nsl_kdd_small_training.csv,21,0
nsl_kdd_00520,benign,normal,nsl_kdd_small_training.csv,21,0
nsl_kdd_00521,malicious,neptune,nsl_kdd_small_training.csv,19,2
nsl_kdd_00522,benign,normal,nsl_kdd_small_training.csv,21,0
nsl_kdd_00523,malicious,neptune,nsl_kdd_small_training.csv,19,2
nsl_kdd_00524,benign,normal,nsl_kdd_small_training.csv,21,0
nsl_kdd_00525,benign,normal,nsl_kdd_small_training.csv,18,0
nsl_kdd_00526,benign,normal,nsl_kdd_small_training.csv,20,0
nsl_kdd_00527,malicious,neptune,nsl_kdd_small_training.csv,20,2
nsl_kdd_00528,benign,normal,nsl_kdd_small_training.csv,21,0
nsl_kdd_00529,malicious,portsweep,nsl_kdd_small_training.csv,18,1
nsl_kdd_00530,malicious,neptune,nsl_kdd_small_training.csv,20,1
nsl_kdd_00531,malicious,satan,nsl_kdd_small_training.csv,17,0
nsl_kdd_00532,malicious,neptune,nsl_kdd_small_training.csv,18,2
nsl_kdd_00533,malicious,neptune,nsl_kdd_small_training.csv,20,2
nsl_kdd_00534,benign,normal,nsl_kdd_small_training.csv,21,0
nsl_kdd_00535,malicious,neptune,nsl_kdd_small_training.csv,20,2
nsl_kdd_00536,benign,normal,nsl_kdd_small_training.csv,17,1
nsl_kdd_00537,malicious,neptune,nsl_kdd_small_training.csv,19,2
nsl_kdd_00538,benign,normal,nsl_kdd_small_training.csv,21,0
nsl_kdd_00539,malicious,neptune,nsl_kdd_small_training.csv,12,2
nsl_kdd_00540,benign,normal,nsl_kdd_small_training.csv,21,0
nsl_kdd_00541,malicious,neptune,nsl_kdd_small_training.csv,20,2
nsl_kdd_00542,malicious,neptune,nsl_kdd_small_training.csv,21,2
nsl_kdd_00543,benign,normal,nsl_kdd_small_training.csv,18,0
nsl_kdd_00544,benign,normal,nsl_kdd_small_training.csv,21,0
nsl_kdd_00545,benign,normal,nsl_kdd_small_training.csv,21,0
nsl_kdd_00546,benign,normal,nsl_kdd_small_training.csv,21,0
nsl_kdd_00547,benign,normal,nsl_kdd_small_training.csv,21,0
nsl_kdd_00548,malicious,neptune,nsl_kdd_small_training.csv,20,2
nsl_kdd_00549,benign,normal,nsl_kdd_small_training.csv,18,0
nsl_kdd_00550,malicious,neptune,nsl_kdd_small_training.csv,19,2
nsl_kdd_00551,malicious,warezclient,nsl_kdd_small_training.csv,14,0
nsl_kdd_00552,malicious,ipsweep,nsl_kdd_small_training.csv,16,0
nsl_kdd_00553,benign,normal,nsl_kdd_small_training.csv,21,0
nsl_kdd_00554,malicious,neptune,nsl_kdd_small_training.csv,18,2
nsl_kdd_00555,benign,normal,nsl_kdd_small_training.csv,21,1
nsl_kdd_00556,benign,normal,nsl_kdd_small_training.csv,17,0
nsl_kdd_00557,malicious,ipsweep,nsl_kdd_small_training.csv,17,1
nsl_kdd_00558,malicious,neptune,nsl_kdd_small_training.csv,18,2
nsl_kdd_00559,malicious,neptune,nsl_kdd_small_training.csv,21,1
nsl_kdd_00560,malicious,neptune,nsl_kdd_small_training.csv,20,2
nsl_kdd_00561,benign,normal,nsl_kdd_small_training.csv,20,0
nsl_kdd_00562,malicious,neptune,nsl_kdd_small_training.csv,21,1
nsl_kdd_00563,benign,normal,nsl_kdd_small_training.csv,21,0
nsl_kdd_00564,benign,normal,nsl_kdd_small_training.csv,21,0
nsl_kdd_00565,malicious,neptune,nsl_kdd_small_training.csv,21,2
nsl_kdd_00566,malicious,neptune,nsl_kdd_small_training.csv,21,2
nsl_kdd_00567,benign,normal,nsl_kdd_small_training.csv,21,0
nsl_kdd_00568,malicious,smurf,nsl_kdd_small_training.csv,18,0
nsl_kdd_00569,malicious,neptune,nsl_kdd_small_training.csv,20,2
nsl_kdd_00570,benign,normal,nsl_kdd_small_training.csv,21,0
nsl_kdd_00571,malicious,ipsweep,nsl_kdd_small_training.csv,15,0
nsl_kdd_00572,malicious,neptune,nsl_kdd_small_training.csv,20,2
nsl_kdd_00573,malicious,neptune,nsl_kdd_small_training.csv,19,2
nsl_kdd_00574,malicious,neptune,nsl_kdd_small_training.csv,18,2
nsl_kdd_00575,benign,normal,nsl_kdd_small_training.csv,21,0
nsl_kdd_00576,benign,normal,nsl_kdd_small_training.csv,20,0
nsl_kdd_00577,benign,normal,nsl_kdd_small_training.csv,18,0
nsl_kdd_00578,malicious,neptune,nsl_kdd_small_training.csv,21,2
nsl_kdd_00579,benign,normal,nsl_kdd_small_training.csv,21,0
nsl_kdd_00580,benign,normal,nsl_kdd_small_training.csv,21,0
nsl_kdd_00581,benign,normal,nsl_kdd_small_training.csv,21,0
nsl_kdd_00582,malicious,warezclient,nsl_kdd_small_training.csv,12,0
nsl_kdd_00583,malicious,neptune,nsl_kdd_small_training.csv,18,1
nsl_kdd_00584,benign,normal,nsl_kdd_small_training.csv,18,0
nsl_kdd_00585,benign,normal,nsl_kdd_small_training.csv,18,0
nsl_kdd_00586,benign,normal,nsl_kdd_small_training.csv,20,0
nsl_kdd_00587,malicious,ipsweep,nsl_kdd_small_training.csv,18,0
nsl_kdd_00588,benign,normal,nsl_kdd_small_training.csv,21,0
nsl_kdd_00589,benign,normal,nsl_kdd_small_training.csv,21,0
nsl_kdd_00590,malicious,neptune,nsl_kdd_small_training.csv,19,2
nsl_kdd_00591,benign,normal,nsl_kdd_small_training.csv,21,0
nsl_kdd_00592,malicious,portsweep,nsl_kdd_small_training.csv,15,1
nsl_kdd_00593,malicious,neptune,nsl_kdd_small_training.csv,18,2
nsl_kdd_00594,benign,normal,nsl_kdd_small_training.csv,21,0
nsl_kdd_00595,benign,normal,nsl_kdd_small_training.csv,21,0
nsl_kdd_00596,malicious,neptune,nsl_kdd_small_training.csv,19,2
nsl_kdd_00597,benign,normal,nsl_kdd_small_training.csv,21,0
nsl_kdd_00598,malicious,neptune,nsl_kdd_small_training.csv,21,2
nsl_kdd_00599,benign,normal,nsl_kdd_small_training.csv,18,0
nsl_kdd_00600,malicious,neptune,nsl_kdd_small_training.csv,21,2
nsl_kdd_00601,malicious,neptune,nsl_kdd_small_training.csv,19,2
nsl_kdd_00602,benign,normal,nsl_kdd_small_training.csv,20,0
nsl_kdd_00603,malicious,neptune,nsl_kdd_small_training.csv,21,2
nsl_kdd_00604,malicious,ipsweep,nsl_kdd_small_training.csv,18,0
nsl_kdd_00605,benign,normal,nsl_kdd_small_training.csv,21,0
nsl_kdd_00606,malicious,portsweep,nsl_kdd_small_training.csv,15,1
nsl_kdd_00607,malicious,neptune,nsl_kdd_small_training.csv,18,2
nsl_kdd_00608,malicious,back,nsl_kdd_small_training.csv,12,0
nsl_kdd_00609,benign,normal,nsl_kdd_small_training.csv,21,0
nsl_kdd_00610,malicious,neptune,nsl_kdd_small_training.csv,20,1
nsl_kdd_00611,benign,normal,nsl_kdd_small_training.csv,21,0
nsl_kdd_00612,malicious,neptune,nsl_kdd_small_training.csv,19,1
nsl_kdd_00613,benign,normal,nsl_kdd_small_training.csv,21,0
nsl_kdd_00614,benign,normal,nsl_kdd_small_training.csv,21,0
nsl_kdd_00615,benign,normal,nsl_kdd_small_training.csv,21,0
nsl_kdd_00616,malicious,neptune,nsl_kdd_small_training.csv,20,2
nsl_kdd_00617,malicious,ipsweep,nsl_kdd_small_training.csv,15,1
nsl_kdd_00618,benign,normal,nsl_kdd_small_training.csv,21,0
nsl_kdd_00619,benign,normal,nsl_kdd_small_training.csv,21,0
nsl_kdd_00620,malicious,back,nsl_kdd_small_training.csv,11,0
nsl_kdd_00621,benign,normal,nsl_kdd_small_training.csv,21,0
nsl_kdd_00622,malicious,portsweep,nsl_kdd_small_training.csv,16,1
nsl_kdd_00623,malicious,portsweep,nsl_kdd_small_training.csv,20,1
nsl_kdd_00624,benign,normal,nsl_kdd_small_training.csv,21,0
nsl_kdd_00625,malicious,neptune,nsl_kdd_small_training.csv,21,2
nsl_kdd_00626,malicious,neptune,nsl_kdd_small_training.csv,19,2
nsl_kdd_00627,malicious,neptune,nsl_kdd_small_training.csv,20,2
nsl_kdd_00628,malicious,neptune,nsl_kdd_small_training.csv,21,2
nsl_kdd_00629,benign,normal,nsl_kdd_small_training.csv,21,0
nsl_kdd_00630,malicious,neptune,nsl_kdd_small_training.csv,18,1
nsl_kdd_00631,benign,normal,nsl_kdd_small_training.csv,21,0
nsl_kdd_00632,malicious,portsweep,nsl_kdd_small_training.csv,16,1
nsl_kdd_00633,benign,normal,nsl_kdd_small_training.csv,21,0
nsl_kdd_00634,benign,normal,nsl_kdd_small_training.csv,21,0
nsl_kdd_00635,malicious,neptune,nsl_kdd_small_training.csv,19,2
nsl_kdd_00636,benign,normal,nsl_kdd_small_training.csv,21,0
nsl_kdd_00637,benign,normal,nsl_kdd_small_training.csv,21,0
nsl_kdd_00638,benign,normal,nsl_kdd_small_training.csv,21,0
nsl_kdd_00639,malicious,neptune,nsl_kdd_small_training.csv,19,2
nsl_kdd_00640,benign,normal,nsl_kdd_small_training.csv,21,0
nsl_kdd_00641,malicious,neptune,nsl_kdd_small_training.csv,19,2
nsl_kdd_00642,benign,normal,nsl_kdd_small_training.csv,21,0
nsl_kdd_00643,benign,normal,nsl_kdd_small_training.csv,21,0
nsl_kdd_00644,malicious,portsweep,nsl_kdd_small_training.csv,15,1
nsl_kdd_00645,benign,normal,nsl_kdd_small_training.csv,21,0
nsl_kdd_00646,malicious,neptune,nsl_kdd_small_training.csv,20,2
nsl_kdd_00647,malicious,neptune,nsl_kdd_small_training.csv,19,2
nsl_kdd_00648,malicious,neptune,nsl_kdd_small_training.csv,20,2
nsl_kdd_00649,malicious,neptune,nsl_kdd_small_training.csv,18,2
nsl_kdd_00650,benign,normal,nsl_kdd_small_training.csv,21,0
nsl_kdd_00651,malicious,portsweep,nsl_kdd_small_training.csv,20,2
nsl_kdd_00652,benign,normal,nsl_kdd_small_training.csv,21,0
nsl_kdd_00653,malicious,ipsweep,nsl_kdd_small_training.csv,18,0
nsl_kdd_00654,benign,normal,nsl_kdd_small_training.csv,20,0
nsl_kdd_00655,benign,normal,nsl_kdd_small_training.csv,21,0
nsl_kdd_00656,benign,normal,nsl_kdd_small_training.csv,21,0
nsl_kdd_00657,benign,normal,nsl_kdd_small_training.csv,21,0
nsl_kdd_00658,benign,normal,nsl_kdd_small_training.csv,21,0
nsl_kdd_00659,benign,normal,nsl_kdd_small_training.csv,21,0
nsl_kdd_00660,malicious,neptune,nsl_kdd_small_training.csv,18,2
nsl_kdd_00661,benign,normal,nsl_kdd_small_training.csv,21,0
nsl_kdd_00662,malicious,satan,nsl_kdd_small_training.csv,20,1
nsl_kdd_00663,malicious,satan,nsl_kdd_small_training.csv,19,0
nsl_kdd_00664,benign,normal,nsl_kdd_small_training.csv,21,0
nsl_kdd_00665,benign,normal,nsl_kdd_small_training.csv,21,0
nsl_kdd_00666,malicious,neptune,nsl_kdd_small_training.csv,21,2
nsl_kdd_00667,malicious,teardrop,nsl_kdd_small_training.csv,17,0
nsl_kdd_00668,malicious,neptune,nsl_kdd_small_training.csv,18,1
nsl_kdd_00669,benign,normal,nsl_kdd_small_training.csv,19,0
nsl_kdd_00670,benign,normal,nsl_kdd_small_training.csv,18,0
nsl_kdd_00671,benign,normal,nsl_kdd_small_training.csv,21,0
nsl_kdd_00672,malicious,neptune,nsl_kdd_small_training.csv,21,2
nsl_kdd_00673,benign,normal,nsl_kdd_small_training.csv,21,0
nsl_kdd_00674,malicious,neptune,nsl_kdd_small_training.csv,20,1
nsl_kdd_00675,malicious,back,nsl_kdd_small_training.csv,10,0
nsl_kdd_00676,benign,normal,nsl_kdd_small_training.csv,21,0
nsl_kdd_00677,benign,normal,nsl_kdd_small_training.csv,20,1
nsl_kdd_00678,benign,normal,nsl_kdd_small_training.csv,21,0
nsl_kdd_00679,malicious,neptune,nsl_kdd_small_training.csv,18,2
nsl_kdd_00680,malicious,neptune,nsl_kdd_small_training.csv,20,2
nsl_kdd_00681,benign,normal,nsl_kdd_small_training.csv,21,1
nsl_kdd_00682,benign,normal,nsl_kdd_small_training.csv,20,0
nsl_kdd_00683,benign,normal,nsl_kdd_small_training.csv,21,0
nsl_kdd_00684,benign,normal,nsl_kdd_small_training.csv,21,0
nsl_kdd_00685,benign,normal,nsl_kdd_small_training.csv,21,0
nsl_kdd_00686,benign,normal,nsl_kdd_small_training.csv,18,0
nsl_kdd_00687,benign,normal,nsl_kdd_small_training.csv,19,0
nsl_kdd_00688,malicious,neptune,nsl_kdd_small_training.csv,20,2
nsl_kdd_00689,malicious,neptune,nsl_kdd_small_training.csv,20,2
nsl_kdd_00690,malicious,guess_passwd,nsl_kdd_small_training.csv,13,1
nsl_kdd_00691,benign,normal,nsl_kdd_small_training.csv,21,0
nsl_kdd_00692,benign,normal,nsl_kdd_small_training.csv,21,0
nsl_kdd_00693,benign,normal,nsl_kdd_small_training.csv,19,0
nsl_kdd_00694,malicious,neptune,nsl_kdd_small_training.csv,18,2
nsl_kdd_00695,benign,normal,nsl_kdd_small_training.csv,18,0
nsl_kdd_00696,malicious,portsweep,nsl_kdd_small_training.csv,20,1
nsl_kdd_00697,malicious,neptune,nsl_kdd_small_training.csv,18,2
nsl_kdd_00698,benign,normal,nsl_kdd_small_training.csv,20,0
nsl_kdd_00699,benign,normal,nsl_kdd_small_training.csv,21,0
nsl_kdd_00700,benign,normal,nsl_kdd_small_training.csv,21,0
nsl_kdd_00701,benign,normal,nsl_kdd_small_training.csv,21,0
nsl_kdd_00702,benign,normal,nsl_kdd_small_training.csv,18,0
nsl_kdd_00703,benign,normal,nsl_kdd_small_training.csv,21,0
nsl_kdd_00704,malicious,neptune,nsl_kdd_small_training.csv,21,2
nsl_kdd_00705,benign,normal,nsl_kdd_small_training.csv,21,0
nsl_kdd_00706,malicious,teardrop,nsl_kdd_small_training.csv,18,0
nsl_kdd_00707,malicious,neptune,nsl_kdd_small_training.csv,21,1
nsl_kdd_00708,benign,normal,nsl_kdd_small_training.csv,13,0
nsl_kdd_00709,malicious,neptune,nsl_kdd_small_training.csv,21,2
nsl_kdd_00710,malicious,satan,nsl_kdd_small_training.csv,20,1
nsl_kdd_00711,malicious,neptune,nsl_kdd_small_training.csv,18,1
nsl_kdd_00712,benign,normal,nsl_kdd_small_training.csv,21,0
nsl_kdd_00713,malicious,neptune,nsl_kdd_small_training.csv,21,2
nsl_kdd_00714,malicious,neptune,nsl_kdd_small_training.csv,21,2
nsl_kdd_00715,benign,normal,nsl_kdd_small_training.csv,21,0
nsl_kdd_00716,malicious,neptune,nsl_kdd_small_training.csv,18,2
nsl_kdd_00717,benign,normal,nsl_kdd_small_training.csv,21,0
nsl_kdd_00718,malicious,warezclient,nsl_kdd_small_training.csv,13,0
nsl_kdd_00719,malicious,neptune,nsl_kdd_small_training.csv,20,2
nsl_kdd_00720,benign,normal,nsl_kdd_small_training.csv,18,0
nsl_kdd_00721,benign,normal,nsl_kdd_small_training.csv,21,0
nsl_kdd_00722,benign,normal,nsl_kdd_small_training.csv,20,0
nsl_kdd_00723,benign,normal,nsl_kdd_small_training.csv,18,0
nsl_kdd_00724,benign,normal,nsl_kdd_small_training.csv,21,0
nsl_kdd_00725,malicious,neptune,nsl_kdd_small_training.csv,19,2
nsl_kdd_00726,malicious,neptune,nsl_kdd_small_training.csv,20,2
nsl_kdd_00727,benign,normal,nsl_kdd_small_training.csv,21,0
nsl_kdd_00728,benign,normal,nsl_kdd_small_training.csv,20,0
nsl_kdd_00729,benign,normal,nsl_kdd_small_training.csv,20,0
nsl_kdd_00730,benign,normal,nsl_kdd_small_training.csv,21,0
nsl_kdd_00731,benign,normal,nsl_kdd_small_training.csv,21,0
nsl_kdd_00732,benign,normal,nsl_kdd_small_training.csv,21,0
nsl_kdd_00733,malicious,neptune,nsl_kdd_small_training.csv,20,1
nsl_kdd_00734,malicious,neptune,nsl_kdd_small_training.csv,21,1
nsl_kdd_00735,benign,normal,nsl_kdd_small_training.csv,21,0
nsl_kdd_00736,benign,normal,nsl_kdd_small_training.csv,21,0
nsl_kdd_00737,benign,normal,nsl_kdd_small_training.csv,21,0
nsl_kdd_00738,malicious,neptune,nsl_kdd_small_training.csv,18,2
nsl_kdd_00739,malicious,neptune,nsl_kdd_small_training.csv,19,2
nsl_kdd_00740,benign,normal,nsl_kdd_small_training.csv,20,0
nsl_kdd_00741,malicious,smurf,nsl_kdd_small_training.csv,20,0
nsl_kdd_00742,malicious,neptune,nsl_kdd_small_training.csv,21,2
nsl_kdd_00743,malicious,neptune,nsl_kdd_small_training.csv,20,2
nsl_kdd_00744,benign,normal,nsl_kdd_small_training.csv,21,0
nsl_kdd_00745,malicious,neptune,nsl_kdd_small_training.csv,20,2
nsl_kdd_00746,benign,normal,nsl_kdd_small_training.csv,21,0
nsl_kdd_00747,benign,normal,nsl_kdd_small_training.csv,21,0
nsl_kdd_00748,benign,normal,nsl_kdd_small_training.csv,21,0
nsl_kdd_00749,malicious,smurf,nsl_kdd_small_training.csv,19,0
nsl_kdd_00750,benign,normal,nsl_kdd_small_training.csv,21,0
nsl_kdd_00751,malicious,neptune,nsl_kdd_small_training.csv,19,2
nsl_kdd_00752,malicious,neptune,nsl_kdd_small_training.csv,19,2
nsl_kdd_00753,benign,normal,nsl_kdd_small_training.csv,21,1
nsl_kdd_00754,malicious,neptune,nsl_kdd_small_training.csv,19,2
nsl_kdd_00755,malicious,neptune,nsl_kdd_small_training.csv,19,2
nsl_kdd_00756,malicious,back,nsl_kdd_small_training.csv,11,0
nsl_kdd_00757,malicious,portsweep,nsl_kdd_small_training.csv,15,1
nsl_kdd_00758,malicious,neptune,nsl_kdd_small_training.csv,20,1
nsl_kdd_00759,malicious,teardrop,nsl_kdd_small_training.csv,15,0
nsl_kdd_00760,malicious,ipsweep,nsl_kdd_small_training.csv,15,0
nsl_kdd_00761,malicious,neptune,nsl_kdd_small_training.csv,17,2
nsl_kdd_00762,malicious,neptune,nsl_kdd_small_training.csv,20,2
nsl_kdd_00763,benign,normal,nsl_kdd_small_training.csv,21,0
nsl_kdd_00764,malicious,neptune,nsl_kdd_small_training.csv,18,1
nsl_kdd_00765,benign,normal,nsl_kdd_small_training.csv,21,0
nsl_kdd_00766,malicious,neptune,nsl_kdd_small_training.csv,20,2
nsl_kdd_00767,malicious,neptune,nsl_kdd_small_training.csv,20,1
nsl_kdd_00768,benign,normal,nsl_kdd_small_training.csv,21,0
nsl_kdd_00769,malicious,warezclient,nsl_kdd_small_training.csv,12,0
nsl_kdd_00770,malicious,neptune,nsl_kdd_small_training.csv,18,2
nsl_kdd_00771,malicious,neptune,nsl_kdd_small_training.csv,20,2
nsl_kdd_00772,malicious,neptune,nsl_kdd_small_training.csv,20,2
nsl_kdd_00773,benign,normal,nsl_kdd_small_training.csv,21,0
nsl_kdd_00774,benign,normal,nsl_kdd_small_training.csv,21,0
nsl_kdd_00775,benign,normal,nsl_kdd_small_training.csv,21,0
nsl_kdd_00776,malicious,neptune,nsl_kdd_small_training.csv,21,2
nsl_kdd_00777,malicious,portsweep,nsl_kdd_small_training.csv,15,1
nsl_kdd_00778,malicious,warezclient,nsl_kdd_small_training.csv,11,0
nsl_kdd_00779,malicious,portsweep,nsl_kdd_small_training.csv,18,1
nsl_kdd_00780,benign,normal,nsl_kdd_small_training.csv,20,0
nsl_kdd_00781,malicious,neptune,nsl_kdd_small_training.csv,20,2
nsl_kdd_00782,malicious,ipsweep,nsl_kdd_small_training.csv,16,0
nsl_kdd_00783,benign,normal,nsl_kdd_small_training.csv,21,0
nsl_kdd_00784,benign,normal,nsl_kdd_small_training.csv,21,0
nsl_kdd_00785,benign,normal,nsl_kdd_small_training.csv,21,0
nsl_kdd_00786,malicious,portsweep,nsl_kdd_small_training.csv,15,1
nsl_kdd_00787,benign,normal,nsl_kdd_small_training.csv,18,0
nsl_kdd_00788,malicious,smurf,nsl_kdd_small_training.csv,17,0
nsl_kdd_00789,malicious,neptune,nsl_kdd_small_training.csv,19,2
nsl_kdd_00790,benign,normal,nsl_kdd_small_training.csv,21,0
nsl_kdd_00791,malicious,neptune,nsl_kdd_small_training.csv,18,2
nsl_kdd_00792,benign,normal,nsl_kdd_small_training.csv,21,0
nsl_kdd_00793,malicious,neptune,nsl_kdd_small_training.csv,20,2
nsl_kdd_00794,malicious,neptune,nsl_kdd_small_training.csv,18,2
nsl_kdd_00795,malicious,neptune,nsl_kdd_small_training.csv,20,2
nsl_kdd_00796,malicious,neptune,nsl_kdd_small_training.csv,18,2
nsl_kdd_00797,malicious,neptune,nsl_kdd_small_training.csv,18,2
nsl_kdd_00798,benign,normal,nsl_kdd_small_training.csv,21,0
nsl_kdd_00799,malicious,neptune,nsl_kdd_small_training.csv,20,2
nsl_kdd_00800,benign,normal,nsl_kdd_small_training.csv,20,0
nsl_kdd_00801,benign,normal,nsl_kdd_small_training.csv,21,0
nsl_kdd_00802,benign,normal,nsl_kdd_small_training.csv,18,0
nsl_kdd_00803,benign,normal,nsl_kdd_small_training.csv,18,0
nsl_kdd_00804,benign,normal,nsl_kdd_small_training.csv,20,0
nsl_kdd_00805,benign,normal,nsl_kdd_small_training.csv,21,0
nsl_kdd_00806,benign,normal,nsl_kdd_small_training.csv,19,0
nsl_kdd_00807,malicious,neptune,nsl_kdd_small_training.csv,21,1
nsl_kdd_00808,malicious,portsweep,nsl_kdd_small_training.csv,18,1
nsl_kdd_00809,malicious,neptune,nsl_kdd_small_training.csv,20,2
nsl_kdd_00810,benign,normal,nsl_kdd_small_training.csv,21,0
nsl_kdd_00811,malicious,neptune,nsl_kdd_small_training.csv,21,2
nsl_kdd_00812,benign,normal,nsl_kdd_small_training.csv,21,0
nsl_kdd_00813,malicious,neptune,nsl_kdd_small_training.csv,19,2
nsl_kdd_00814,benign,normal,nsl_kdd_small_training.csv,21,0
nsl_kdd_00815,benign,normal,nsl_kdd_small_training.csv,21,0
nsl_kdd_00816,malicious,neptune,nsl_kdd_small_training.csv,18,2
nsl_kdd_00817,benign,normal,nsl_kdd_small_training.csv,18,0
nsl_kdd_00818,benign,normal,nsl_kdd_small_training.csv,17,0
nsl_kdd_00819,benign,normal,nsl_kdd_small_training.csv,21,0
nsl_kdd_00820,malicious,neptune,nsl_kdd_small_training.csv,19,2
nsl_kdd_00821,benign,normal,nsl_kdd_small_training.csv,21,0
nsl_kdd_00822,benign,normal,nsl_kdd_small_training.csv,21,0
nsl_kdd_00823,benign,normal,nsl_kdd_small_training.csv,21,0
nsl_kdd_00824,malicious,portsweep,nsl_kdd_small_training.csv,18,1
nsl_kdd_00825,malicious,neptune,nsl_kdd_small_training.csv,19,2
nsl_kdd_00826,benign,normal,nsl_kdd_small_training.csv,21,0
nsl_kdd_00827,malicious,neptune,nsl_kdd_small_training.csv,21,2
nsl_kdd_00828,benign,normal,nsl_kdd_small_training.csv,21,0
nsl_kdd_00829,benign,normal,nsl_kdd_small_training.csv,21,0
nsl_kdd_00830,malicious,ipsweep,nsl_kdd_small_training.csv,17,0
nsl_kdd_00831,benign,normal,nsl_kdd_small_training.csv,21,0
nsl_kdd_00832,benign,normal,nsl_kdd_small_training.csv,21,0
nsl_kdd_00833,malicious,satan,nsl_kdd_small_training.csv,20,1
nsl_kdd_00834,benign,normal,nsl_kdd_small_training.csv,21,0
nsl_kdd_00835,malicious,neptune,nsl_kdd_small_training.csv,21,2
nsl_kdd_00836,benign,normal,nsl_kdd_small_training.csv,21,0
nsl_kdd_00837,malicious,neptune,nsl_kdd_small_training.csv,19,1
nsl_kdd_00838,benign,normal,nsl_kdd_small_training.csv,21,0
nsl_kdd_00839,malicious,neptune,nsl_kdd_small_training.csv,18,2
nsl_kdd_00840,benign,normal,nsl_kdd_small_training.csv,20,0
nsl_kdd_00841,benign,normal,nsl_kdd_small_training.csv,20,0
nsl_kdd_00842,benign,normal,nsl_kdd_small_training.csv,17,0
nsl_kdd_00843,malicious,portsweep,nsl_kdd_small_training.csv,14,1
nsl_kdd_00844,benign,normal,nsl_kdd_small_training.csv,21,0
nsl_kdd_00845,malicious,neptune,nsl_kdd_small_training.csv,19,2
nsl_kdd_00846,benign,normal,nsl_kdd_small_training.csv,21,0
nsl_kdd_00847,malicious,neptune,nsl_kdd_small_training.csv,18,2
nsl_kdd_00848,malicious,neptune,nsl_kdd_small_training.csv,21,2
nsl_kdd_00849,benign,normal,nsl_kdd_small_training.csv,21,0
nsl_kdd_00850,malicious,neptune,nsl_kdd_small_training.csv,18,2
nsl_kdd_00851,benign,normal,nsl_kdd_small_training.csv,20,0
nsl_kdd_00852,malicious,satan,nsl_kdd_small_training.csv,11,0
nsl_kdd_00853,malicious,neptune,nsl_kdd_small_training.csv,18,2
nsl_kdd_00854,malicious,neptune,nsl_kdd_small_training.csv,19,2
nsl_kdd_00855,benign,normal,nsl_kdd_small_training.csv,21,0
nsl_kdd_00856,malicious,neptune,nsl_kdd_small_training.csv,20,2
nsl_kdd_00857,malicious,neptune,nsl_kdd_small_training.csv,18,2
nsl_kdd_00858,benign,normal,nsl_kdd_small_training.csv,21,0
nsl_kdd_00859,malicious,smurf,nsl_kdd_small_training.csv,18,0
nsl_kdd_00860,malicious,teardrop,nsl_kdd_small_training.csv,15,0
nsl_kdd_00861,malicious,neptune,nsl_kdd_small_training.csv,19,1
nsl_kdd_00862,benign,normal,nsl_kdd_small_training.csv,21,0
nsl_kdd_00863,benign,normal,nsl_kdd_small_training.csv,20,0
nsl_kdd_00864,malicious,neptune,nsl_kdd_small_training.csv,19,2
nsl_kdd_00865,malicious,neptune,nsl_kdd_small_training.csv,20,2
nsl_kdd_00866,benign,normal,nsl_kdd_small_training.csv,21,0
nsl_kdd_00867,benign,normal,nsl_kdd_small_training.csv,21,0
nsl_kdd_00868,benign,normal,nsl_kdd_small_training.csv,20,0
nsl_kdd_00869,benign,normal,nsl_kdd_small_training.csv,21,0
nsl_kdd_00870,benign,normal,nsl_kdd_small_training.csv,21,0
nsl_kdd_00871,malicious,neptune,nsl_kdd_small_training.csv,20,2
nsl_kdd_00872,malicious,neptune,nsl_kdd_small_training.csv,18,2
nsl_kdd_00873,benign,normal,nsl_kdd_small_training.csv,21,0
nsl_kdd_00874,malicious,neptune,nsl_kdd_small_training.csv,18,2
nsl_kdd_00875,malicious,ipsweep,nsl_kdd_small_training.csv,15,0
nsl_kdd_00876,malicious,neptune,nsl_kdd_small_training.csv,20,2
nsl_kdd_00877,malicious,neptune,nsl_kdd_small_training.csv,20,2
nsl_kdd_00878,malicious,neptune,nsl_kdd_small_training.csv,21,2
nsl_kdd_00879,malicious,neptune,nsl_kdd_small_training.csv,18,2
nsl_kdd_00880,benign,normal,nsl_kdd_small_training.csv,21,0
nsl_kdd_00881,benign,normal,nsl_kdd_small_training.csv,21,0
nsl_kdd_00882,malicious,neptune,nsl_kdd_small_training.csv,18,2
nsl_kdd_00883,malicious,neptune,nsl_kdd_small_training.csv,19,2
nsl_kdd_00884,malicious,neptune,nsl_kdd_small_training.csv,18,1
nsl_kdd_00885,malicious,satan,nsl_kdd_small_training.csv,14,1
nsl_kdd_00886,benign,normal,nsl_kdd_small_training.csv,21,0
nsl_kdd_00887,benign,normal,nsl_kdd_small_training.csv,21,1
nsl_kdd_00888,malicious,portsweep,nsl_kdd_small_training.csv,16,1
nsl_kdd_00889,benign,normal,nsl_kdd_small_training.csv,21,0
nsl_kdd_00890,benign,normal,nsl_kdd_small_training.csv,21,0
nsl_kdd_00891,benign,normal,nsl_kdd_small_training.csv,21,0
nsl_kdd_00892,malicious,nmap,nsl_kdd_small_training.csv,15,0
nsl_kdd_00893,benign,normal,nsl_kdd_small_training.csv,21,0
nsl_kdd_00894,malicious,neptune,nsl_kdd_small_training.csv,20,2
nsl_kdd_00895,malicious,neptune,nsl_kdd_small_training.csv,21,2
nsl_kdd_00896,benign,normal,nsl_kdd_small_training.csv,21,0
nsl_kdd_00897,malicious,smurf,nsl_kdd_small_training.csv,19,0
nsl_kdd_00898,malicious,nmap,nsl_kdd_small_training.csv,17,0
nsl_kdd_00899,malicious,portsweep,nsl_kdd_small_training.csv,18,1
nsl_kdd_00900,malicious,neptune,nsl_kdd_small_training.csv,19,2
nsl_kdd_00901,malicious,satan,nsl_kdd_small_training.csv,20,1
nsl_kdd_00902,benign,normal,nsl_kdd_small_training.csv,21,0
nsl_kdd_00903,malicious,portsweep,nsl_kdd_small_training.csv,21,1
nsl_kdd_00904,benign,normal,nsl_kdd_small_training.csv,21,0
nsl_kdd_00905,benign,normal,nsl_kdd_small_training.csv,21,1
nsl_kdd_00906,malicious,neptune,nsl_kdd_small_training.csv,20,2
nsl_kdd_00907,benign,normal,nsl_kdd_small_training.csv,21,0
nsl_kdd_00908,malicious,neptune,nsl_kdd_small_training.csv,21,2
nsl_kdd_00909,benign,normal,nsl_kdd_small_training.csv,21,0
nsl_kdd_00910,malicious,portsweep,nsl_kdd_small_training.csv,20,1
nsl_kdd_00911,malicious,smurf,nsl_kdd_small_training.csv,19,0
nsl_kdd_00912,malicious,neptune,nsl_kdd_small_training.csv,19,2
nsl_kdd_00913,malicious,neptune,nsl_kdd_small_training.csv,19,2
nsl_kdd_00914,malicious,neptune,nsl_kdd_small_training.csv,18,2
nsl_kdd_00915,malicious,nmap,nsl_kdd_small_training.csv,18,0
nsl_kdd_00916,malicious,neptune,nsl_kdd_small_training.csv,18,2
nsl_kdd_00917,malicious,neptune,nsl_kdd_small_training.csv,18,2
nsl_kdd_00918,malicious,neptune,nsl_kdd_small_training.csv,18,2
nsl_kdd_00919,benign,normal,nsl_kdd_small_training.csv,20,0
nsl_kdd_00920,malicious,neptune,nsl_kdd_small_training.csv,18,1
nsl_kdd_00921,malicious,ipsweep,nsl_kdd_small_training.csv,15,0
nsl_kdd_00922,benign,normal,nsl_kdd_small_training.csv,21,0
nsl_kdd_00923,benign,normal,nsl_kdd_small_training.csv,21,0
nsl_kdd_00924,malicious,neptune,nsl_kdd_small_training.csv,18,2
nsl_kdd_00925,benign,normal,nsl_kdd_small_training.csv,21,0
nsl_kdd_00926,malicious,neptune,nsl_kdd_small_training.csv,21,2
nsl_kdd_00927,benign,normal,nsl_kdd_small_training.csv,21,1
nsl_kdd_00928,malicious,neptune,nsl_kdd_small_training.csv,21,2
nsl_kdd_00929,malicious,neptune,nsl_kdd_small_training.csv,20,2
nsl_kdd_00930,malicious,neptune,nsl_kdd_small_training.csv,21,2
nsl_kdd_00931,malicious,neptune,nsl_kdd_small_training.csv,20,1
nsl_kdd_00932,malicious,neptune,nsl_kdd_small_training.csv,21,2
nsl_kdd_00933,benign,normal,nsl_kdd_small_training.csv,21,0
nsl_kdd_00934,benign,normal,nsl_kdd_small_training.csv,18,0
nsl_kdd_00935,malicious,neptune,nsl_kdd_small_training.csv,18,1
nsl_kdd_00936,benign,normal,nsl_kdd_small_training.csv,21,0
nsl_kdd_00937,benign,normal,nsl_kdd_small_training.csv,21,0
nsl_kdd_00938,benign,normal,nsl_kdd_small_training.csv,21,0
nsl_kdd_00939,benign,normal,nsl_kdd_small_training.csv,21,0
nsl_kdd_00940,benign,normal,nsl_kdd_small_training.csv,21,0
nsl_kdd_00941,malicious,neptune,nsl_kdd_small_training.csv,19,1
nsl_kdd_00942,malicious,neptune,nsl_kdd_small_training.csv,18,2
nsl_kdd_00943,benign,normal,nsl_kdd_small_training.csv,18,0
nsl_kdd_00944,benign,normal,nsl_kdd_small_training.csv,21,0
nsl_kdd_00945,benign,normal,nsl_kdd_small_training.csv,21,0
nsl_kdd_00946,benign,normal,nsl_kdd_small_training.csv,21,0
nsl_kdd_00947,malicious,neptune,nsl_kdd_small_training.csv,18,2
nsl_kdd_00948,malicious,neptune,nsl_kdd_small_training.csv,20,1
nsl_kdd_00949,malicious,neptune,nsl_kdd_small_training.csv,20,1
nsl_kdd_00950,malicious,neptune,nsl_kdd_small_training.csv,19,2
nsl_kdd_00951,benign,normal,nsl_kdd_small_training.csv,21,0
nsl_kdd_00952,malicious,neptune,nsl_kdd_small_training.csv,18,2
nsl_kdd_00953,benign,normal,nsl_kdd_small_training.csv,18,0
nsl_kdd_00954,benign,normal,nsl_kdd_small_training.csv,21,0
nsl_kdd_00955,benign,normal,nsl_kdd_small_training.csv,18,0
nsl_kdd_00956,benign,normal,nsl_kdd_small_training.csv,21,0
nsl_kdd_00957,malicious,smurf,nsl_kdd_small_training.csv,18,0
nsl_kdd_00958,benign,normal,nsl_kdd_small_training.csv,12,0
nsl_kdd_00959,malicious,neptune,nsl_kdd_small_training.csv,20,1
nsl_kdd_00960,malicious,neptune,nsl_kdd_small_training.csv,18,2
nsl_kdd_00961,benign,normal,nsl_kdd_small_training.csv,21,0
nsl_kdd_00962,benign,normal,nsl_kdd_small_training.csv,18,0
nsl_kdd_00963,benign,normal,nsl_kdd_small_training.csv,21,0
nsl_kdd_00964,malicious,satan,nsl_kdd_small_training.csv,21,2
nsl_kdd_00965,benign,normal,nsl_kdd_small_training.csv,21,0
nsl_kdd_00966,malicious,neptune,nsl_kdd_small_training.csv,21,1
nsl_kdd_00967,malicious,neptune,nsl_kdd_small_training.csv,20,2
nsl_kdd_00968,malicious,neptune,nsl_kdd_small_training.csv,21,2
nsl_kdd_00969,benign,normal,nsl_kdd_small_training.csv,21,0
nsl_kdd_00970,benign,normal,nsl_kdd_small_training.csv,18,0
nsl_kdd_00971,benign,normal,nsl_kdd_small_training.csv,20,0
nsl_kdd_00972,benign,normal,nsl_kdd_small_training.csv,21,0
nsl_kdd_00973,benign,normal,nsl_kdd_small_training.csv,18,0
nsl_kdd_00974,malicious,smurf,nsl_kdd_small_training.csv,18,0
nsl_kdd_00975,benign,normal,nsl_kdd_small_training.csv,21,0
nsl_kdd_00976,malicious,smurf,nsl_kdd_small_training.csv,18,0
nsl_kdd_00977,benign,normal,nsl_kdd_small_training.csv,21,1
nsl_kdd_00978,benign,normal,nsl_kdd_small_training.csv,9,0
nsl_kdd_00979,benign,normal,nsl_kdd_small_training.csv,21,0
nsl_kdd_00980,benign,normal,nsl_kdd_small_training.csv,21,0
nsl_kdd_00981,benign,normal,nsl_kdd_small_training.csv,19,0
nsl_kdd_00982,benign,normal,nsl_kdd_small_training.csv,21,1
nsl_kdd_00983,benign,normal,nsl_kdd_small_training.csv,21,0
nsl_kdd_00984,benign,normal,nsl_kdd_small_training.csv,21,0
nsl_kdd_00985,malicious,neptune,nsl_kdd_small_training.csv,21,2
nsl_kdd_00986,benign,normal,nsl_kdd_small_training.csv,21,0
nsl_kdd_00987,malicious,neptune,nsl_kdd_small_training.csv,20,2
nsl_kdd_00988,benign,normal,nsl_kdd_small_training.csv,21,1
nsl_kdd_00989,malicious,ipsweep,nsl_kdd_small_training.csv,16,0
nsl_kdd_00990,malicious,neptune,nsl_kdd_small_training.csv,21,2
nsl_kdd_00991,benign,normal,nsl_kdd_small_training.csv,21,0
nsl_kdd_00992,malicious,neptune,nsl_kdd_small_training.csv,19,2
nsl_kdd_00993,malicious,portsweep,nsl_kdd_small_training.csv,15,1
nsl_kdd_00994,malicious,neptune,nsl_kdd_small_training.csv,20,2
nsl_kdd_00995,malicious,neptune,nsl_kdd_small_training.csv,20,2
nsl_kdd_00996,benign,normal,nsl_kdd_small_training.csv,18,1
nsl_kdd_00997,benign,normal,nsl_kdd_small_training.csv,21,0
nsl_kdd_00998,malicious,neptune,nsl_kdd_small_training.csv,21,2
nsl_kdd_00999,malicious,neptune,nsl_kdd_small_training.csv,21,2
nsl_kdd_01000,benign,normal,nsl_kdd_small_training.csv,21,0
nsl_kdd_01001,malicious,rootkit,nsl_kdd_small_training.csv,1,0
nsl_kdd_01002,malicious,buffer_overflow,nsl_kdd_small_training.csv,9,0
nsl_kdd_01003,malicious,buffer_overflow,nsl_kdd_small_training.csv,12,0
nsl_kdd_01004,malicious,buffer_overflow,nsl_kdd_small_training.csv,2,0
nsl_kdd_01005,malicious,rootkit,nsl_kdd_small_training.csv,0,0
nsl_kdd_01006,malicious,rootkit,nsl_kdd_small_training.csv,5,0
nsl_kdd_01007,malicious,buffer_overflow,nsl_kdd_small_training.csv,3,0
nsl_kdd_01008,malicious,buffer_overflow,nsl_kdd_small_training.csv,3,0
nsl_kdd_01009,malicious,buffer_overflow,nsl_kdd_small_training.csv,2,0
nsl_kdd_01010,malicious,rootkit,nsl_kdd_small_training.csv,1,0
nsl_kdd_01011,malicious,loadmodule,nsl_kdd_small_training.csv,12,0
